index,MSFT,AAPL,AMZN,SPY,BND,BTC-USD
MSFT,1.0,0.705717689251876,0.6722167422519602,0.8074328403371998,0.14836529731615888,0.29510496032225497
AAPL,0.705717689251876,1.0,0.5895157060649074,0.7805776007717979,0.13660070774884914,0.24401267736543975
AMZN,0.6722167422519602,0.5895157060649074,1.0,0.6637118332342181,0.13581757920933915,0.26506000909431326
SPY,0.8074328403371998,0.7805776007717979,0.6637118332342181,1.0,0.17056219844739354,0.3344657373550611
BND,0.14836529731615888,0.13660070774884914,0.13581757920933915,0.17056219844739354,1.0,0.1559193160451823
BTC-USD,0.29510496032225497,0.24401267736543975,0.26506000909431326,0.3344657373550611,0.1559193160451823,1.0
